use spocon_db;

insert into user (id, name, email)
values (1, '範馬刃牙' ,'baki@baki.com'),
       (2, '範馬勇次郎' ,'yujiro@baki.com'),
       (3, '愚地独歩' ,'doppo@baki.com'),
       (4, '花山薫' ,'kaoru@baki.com'),
       (5, '烈海王' ,'kaio@baki.com');

insert into sport (id, name)
values (1, 'バスケットボール'),
       (2, 'サッカー'),
       (3, '野球'),
       (4, 'テニス'),
       (5, '卓球');

insert into grade (id, name)
values (1, '小学生'),
       (2, '中学生'),
       (3, '高校生'),
       (4, '大学生'),
       (5, '社会人');

insert into team (id, uuid, name, sport_id, grade_id, icon_path, description, zip_code, address, longitude, latitude)
values (1, 'b6d8a45d-ed81-f229-27dc-4a216b239740', 'チーム1', 1, 1, 'path1', 'description1', "811-1353", '福岡県福岡市南区柏原4-47-1', 1.1, 2.1),
       (2, 'c028f2d0-efcc-e377-6e35-45589804212d', 'チーム2', 2, 2, 'path2', 'description2', "810-0014", '福岡県福岡市中央区平尾3-20-57', 1.2, 2.2),
       (3, '8f4f26bc-3417-7b4c-6cc6-d4b296df316b', 'チーム3', 3, 3, 'path3', 'description3', "004-0051", '北海道札幌市厚別区厚別中央１条5-2-20', 1.3, 2.3),
       (4, '54333672-bbf9-610c-07d9-7768af1598c0', 'チーム4', 4, 4, 'path4', 'description4', "020-0102", '岩手県盛岡市上田字松屋敷34', 1.4, 2.4),
       (5, 'af770aec-f891-b9fa-4249-d2c6f30384dc', 'チーム5', 5, 5, 'path5', 'description5', "981-0903", '宮城県仙台市青葉区台原森林公園4-1', 1.5, 2.5),
       (6, '78fab89c-c30e-eb0b-e9f4-a02d8d8f0a1b', 'チーム6', 1, 1, 'path6', 'description6', "010-0124", '秋田県秋田市金足鳰崎字後山52', 1.6, 2.6),
       (7, '7f7acbe8-e84a-9cbc-5f59-293db1366310', 'チーム7', 2, 2, 'path7', 'description7', "990-0826", '山形県山形市霞城町1-8', 1.7, 2.7),
       (8, 'ad544684-b99f-bd91-d419-f6d5b4966c22', 'チーム8', 3, 3, 'path8', 'description8', "960-8044", '福島県福島市早稲町1-1', 1.8, 2.8),
       (9, '1ffde5d6-681f-aa2e-5716-e042fa83b245', 'チーム9', 4, 4, 'path9', 'description9', "300-1192", '茨城県稲敷郡阿見町吉原3586', 1.9, 2.9),
       (10, '4b40aacb-86ad-ac8b-4623-ce82724254ad', 'チーム10', 5, 5, 'path10', 'description10', "320-0865", '栃木県宇都宮市睦町2-2', 3.1, 4.1),
       (11, 'bf210c93-345d-dc8e-1b3b-89e7b2f6f0e3', 'チーム11', 1, 1, 'path11', 'description11', "370-0065", '群馬県高崎市末広町23-1', 3.2, 4.2),
       (12, 'e6a1f8e4-9c79-9e3b-b795-df1e65f3f6e8', 'チーム12', 2, 2, 'path12', 'description12', "330-0852", '埼玉県さいたま市大宮区大成町3-47', 3.3, 4.3),
       (13, 'ec456a4d-f8d3-3b65-067f-827d3b3acb5e', 'チーム13', 3, 3, 'path13', 'description13', "260-0013", '千葉県千葉市中央区中央4－5－1', 3.4, 4.4),
       (14, '16dc494f-5941-9bdb-d467-c051aba1aa45', 'チーム14', 4, 4, 'path14', 'description14', "102-0091", '東京都千代田区北の丸公園2ｰ1', 3.5, 4.5),
       (15, 'f0cc1b44-ecc6-c36e-2ac0-1912327122d0', 'チーム15', 5, 5, 'path15', 'description15', "105-0001", '東京都港区虎ノ門3-6-9', 3.6, 4.6),
       (16, '8c118c08-6d29-0eb3-96cb-5f08ed879cff', 'チーム16', 1, 1, 'path16', 'description16', "105-0002", '東京都港区愛宕2-1-1', 3.7, 4.7),
       (17, 'ee3c0024-ac4e-fb7f-97d5-602c039ccf75', 'チーム17', 2, 2, 'path17', 'description17', "212-8585", '神奈川県川崎市幸区堀川町72-34ラゾーナ川崎東芝ビル2Ｆ', 3.8, 4.8),
       (18, 'e9ff4e8c-29eb-6321-0e09-f9e31cd82a59', 'チーム18', 3, 3, 'path18', 'description18', "214-0032", '神奈川県川崎市多摩区枡形7-1-2', 3.9, 4.9),
       (19, 'e4293247-c95d-45da-0b4c-6e4daa9c7d3c', 'チーム19', 4, 4, 'path19', 'description19', "941-0056", '新潟県糸魚川市一ノ宮1313番地', 5.1, 6.1),
       (20, '3ceb7d9b-2b0a-7057-9693-84b9ce1c7c87', 'チーム20', 5, 5, 'path20', 'description20', "930-1405", '富山県中新川郡立山町芦峅寺字ブナ坂68', 5.2, 6.2),
       (21, 'e9ee8b91-fe15-38cd-716e-e8738775ed12', 'チーム21', 1, 1, 'path21', 'description21', "930-1406", '富山県中新川郡立山町芦峅寺93-1', 5.3, 6.3),
       (22, '243c620a-ecc9-680e-5ceb-12acdf34a297', 'チーム22', 2, 2, 'path22', 'description22', "938-0005", '富山県黒部市吉田574-1', 5.4, 6.4),
       (23, 'd3fb555c-dac1-017c-418d-cd6dd4913c4f', 'チーム23', 3, 3, 'path23', 'description23', "400-0023", '山梨県甲府市愛宕町358-1', 5.5, 6.5),
       (24, '1550c8b2-d922-7020-ab82-939649c80355', 'チーム24', 4, 4, 'path24', 'description24', "500-8389", '岐阜県岐阜市本荘3456-41', 5.6, 6.6),
       (25, '801c5766-b5e9-8f71-4b9a-f7a470603b82', 'チーム25', 5, 5, 'path25', 'description25', "418-0111", '静岡県富士宮市山宮3670', 5.7, 6.7);
